,Explanation of fields,,,,,,,,,,,
,Required field,,,,,,,,,,,
,Optional field,,,,,,,,,,,
,Do not change any other values or else there will probably be problems,,,,,,,,,,,
,,,,,,,,,,,,
,Instructions,,,,,,,,,,,
,1. Fill in all relevant fields,,,,,,,,,,,
,"For sequence coordinates, use SeqBuilder/APE numbering (starts at 1). Program corrects to Python numbering (starts at 0).",,,,,,,,,,,
,"To get folder names, right-click on the address bar in Windows Explorer and select ""Copy as Text""",,,,,,,,,,,
,2. Save this file as .csv  It will ask if you're okay with layout information being lost - say OK.,,,,,,,,,,,
,You can get the complete address for this file by going to the file tab and copying the address (line below the title),,,,,,,,,,,
,3. Python!,,,,,,,,,,,
,,,,,,,,,,,,
,,,,,,,,,,,,
,Libraries,,,,,,,,,,,
lib_name,Library name,L2,,,,,,,,,,
,,,,,,,,,,,,
,,,,,,,,,,,,
,,,,,,,,,,,,
,,,,,,,,,,,,
,,,,,,,,,,,,
,,,,,,,,,,,,
,Files,,,,,,,,,,,
working_folder_name,Working folder,/Users/veritas/Desktop/Working_folder2,,,,,,,,,,
,,,,,,,,,,,,
,Library structure,,,,,,,,,,,
twist_sequence_file,Twist sequence file - leave blank if not Twist,,,,,,,,,,,
,,,,,,,,,,,,
expected_sequence,Expected sequence,TTGACAGCTAGCTCAGTCCTAGGTATAATACTAGTTTATCACCTTGGCTGCAGGCGTTTTAGAGCTAGAAATAGCAAGTTAAAATAAGGCTAGTCCGTTATCAACTTGAAAAAGTGCGCACATGTACTAAGTACATGTGCTTTTTTTGAAGCTTGGGCCCGAACAAAAAC,,,,,,,,,,
,"Whole run including diversity sequence, use T not U, use all capital letters",128,,,,,,,,,,
exclude_at_start,Diversity sequence length - defaults to 0,0,,,,,,,,,,
exclude_at_end,Exclude any bases at the end? (e.g. because many truncated runs) - defaults to 0,0,,,,,,,,,,
,,,,,,,,,,,,
tRNA_start,tRNA 1st base,40,,,,,,,,,,
tRNA_end,tRNA last base,108,,,,,,,,,,
,,,,,,,,,,,,
constant_region_starts,Constant region 1st base,117,134,,,,,,,,,
constant_region_ends,Constant region last base,122,139,,,,,,,,,
,,,,,,,,,,,,
randomized_bases,Randomized bases,156,157,158,159,160,161,162,163,164,165,166
pairs_5prime,Randomized bases expected to be paired - 5',,,,,,,,,,,
pairs_3prime,Randomized bases expected to be paired - 3',,,,,,,,,,,
,,,,,,,,,,,,
,Q score filtering parameters,,,,,,,,,,,
Q1,General minimum Q score - defaults to 0,10,,,,,,,,,,
,Error rate,4.00%,,,,,,,,,,
,,,,,,,,,,,,
,,,,,,,,,,,,
QF,Allowed Q1 failures per non-randomized sequence - defaults to 0,10,,,,,,,,,,
Q0,Absolute Q floor (if allowed failures) - defaults to 0,10,,,,,,,,,,
,Error rate,10.00%,,,,,,,,,,
,,,,,,,,,,,,
,Constant region mismatch filtering parameters,,,,,,,,,,,
,Length,30,57,21,,,,,,,,
,Predicted errors based on Q score filtering,1.2,2.3,0.8,,,,,,,,
allowed_mismatch_counts,Max mismatches allowed - currently calculates to int(predicted+1) *2,1,1,,,,,,,,,
,,,,,,,,,,,,
,Advanced processing parameters,,,,,,,,,,,
min_lib_count,"Minimum ""abundant"" library count - defaults to 1",1,,,,,,,,,,
output_format,How do you want the randomized sequences formatted?,NNNN/NNNN,,,,,,,,,,
full_seq_format,"Create a fuller stem sequence, e.g. for comparison to other libraries?",NNNNCC/GGNNNN,,,,,,,,,,
,"Use N to code for put library base here, d to code for drop library base, use U not T",,,,,,,,,,,
,,,,,,,,,,,,
,Alignment score filtering parameters,,,,,,,,,,,
A0,General minimem alignment score-defaults to 0,160,,,,,,,,,,